Alice,"I764p6Bly8YfyH9KSNVsoUzx3jiIRhaynkCab5MKLkGDLlM+xQAtdWDzVupQBGEFsMxm2LuXpiBN
IKvw207GJA==
"
Bob,"Dy+Z22RGpTvqdWLs5sthTu9X4QSAxcxzHfCns6IMYaY4mOnDrsmTNvA/UxSHM6LYbga6ie/7JeIN
x0OdJ5A5zw==
"
Carol,"cRlRuGm/uLL0aqT0S28puMFpaOwEgDcMhen7pwwE1Mfp1kuZiKCyYeiiZJmsDcEFga4yMQ51Va2V
m60Zy0MO/w==
"
Dan,"cEJQAcPit6zJg+x+8VuLAB58gFXxE5NurqqVZzUx8TM3qnhT4TX43ccSaep9mJ6cHj9qO/8vv61n
58svuLqzSw==
"
Eve,"dYHFc1hkt93UGvrb6tlYhvd8zM/tbldfQvHBOG8cekW65EdfgEIjYa0U3WaGyyB6lX45M/VmrJQC
sbWNDWzKsA==
"
Frank,"d9XMpJK1ht/AXKHUl3xyJg9zs3HsN+rwuBGJlwF7JLxMUYWGJIzR8L9koA3cYRSVoz6CBwdXVXw4
X0ttNGAsVA==
"
Grace,"ZXMpjzXNNSNT5W0H+9NEWn0kMRnwGQL89JM1+YD3aVXyTTxvUvH/h194I8py1nx9jgYxn9GyG1Ft
F5L22l976A==
"
test,"7iaw3Ur350mqGo7jwQrpkj9hiYB3Lkc/iBml1JQODbJ6wYX4oOHV+E+IvIh/1nsUNzLDBMxfqa2O
b1f1ACio/w==
"
test0,"7iaw3Ur350mqGo7jwQrpkj9hiYB3Lkc/iBml1JQODbJ6wYX4oOHV+E+IvIh/1nsUNzLDBMxfqa2O
b1f1ACio/w==
"
